"modifier"	"head"	"modifier_mean"	"modifier_std"	"head_mean"	"head_std"	"compound_mean"	"compound_std"	"X1830_head_prod"	"X1840_head_prod"	"X1850_head_prod"	"X1860_head_prod"	"X1870_head_prod"	"X1880_head_prod"	"X1890_head_prod"	"X1900_head_prod"	"X1910_head_prod"	"X1920_head_prod"	"X1930_head_prod"	"X1940_head_prod"	"X1950_head_prod"	"X1960_head_prod"	"X1970_head_prod"	"X1980_head_prod"	"X1990_head_prod"	"X2000_head_prod"	"X1830_local_mi"	"X1840_local_mi"	"X1850_local_mi"	"X1860_local_mi"	"X1870_local_mi"	"X1880_local_mi"	"X1890_local_mi"	"X1900_local_mi"	"X1910_local_mi"	"X1920_local_mi"	"X1930_local_mi"	"X1940_local_mi"	"X1950_local_mi"	"X1960_local_mi"	"X1970_local_mi"	"X1980_local_mi"	"X1990_local_mi"	"X2000_local_mi"	"X1830_log_ratio"	"X1840_log_ratio"	"X1850_log_ratio"	"X1860_log_ratio"	"X1870_log_ratio"	"X1880_log_ratio"	"X1890_log_ratio"	"X1900_log_ratio"	"X1910_log_ratio"	"X1920_log_ratio"	"X1930_log_ratio"	"X1940_log_ratio"	"X1950_log_ratio"	"X1960_log_ratio"	"X1970_log_ratio"	"X1980_log_ratio"	"X1990_log_ratio"	"X2000_log_ratio"	"X1830_mod_prod"	"X1840_mod_prod"	"X1850_mod_prod"	"X1860_mod_prod"	"X1870_mod_prod"	"X1880_mod_prod"	"X1890_mod_prod"	"X1900_mod_prod"	"X1910_mod_prod"	"X1920_mod_prod"	"X1930_mod_prod"	"X1940_mod_prod"	"X1950_mod_prod"	"X1960_mod_prod"	"X1970_mod_prod"	"X1980_mod_prod"	"X1990_mod_prod"	"X2000_mod_prod"	"X1830_ppmi"	"X1840_ppmi"	"X1850_ppmi"	"X1860_ppmi"	"X1870_ppmi"	"X1880_ppmi"	"X1890_ppmi"	"X1900_ppmi"	"X1910_ppmi"	"X1920_ppmi"	"X1930_ppmi"	"X1940_ppmi"	"X1950_ppmi"	"X1960_ppmi"	"X1970_ppmi"	"X1980_ppmi"	"X1990_ppmi"	"X2000_ppmi"	"X1830_sim_bw_constituents"	"X1840_sim_bw_constituents"	"X1850_sim_bw_constituents"	"X1860_sim_bw_constituents"	"X1870_sim_bw_constituents"	"X1880_sim_bw_constituents"	"X1890_sim_bw_constituents"	"X1900_sim_bw_constituents"	"X1910_sim_bw_constituents"	"X1920_sim_bw_constituents"	"X1930_sim_bw_constituents"	"X1940_sim_bw_constituents"	"X1950_sim_bw_constituents"	"X1960_sim_bw_constituents"	"X1970_sim_bw_constituents"	"X1980_sim_bw_constituents"	"X1990_sim_bw_constituents"	"X2000_sim_bw_constituents"	"X1830_sim_with_head"	"X1840_sim_with_head"	"X1850_sim_with_head"	"X1860_sim_with_head"	"X1870_sim_with_head"	"X1880_sim_with_head"	"X1890_sim_with_head"	"X1900_sim_with_head"	"X1910_sim_with_head"	"X1920_sim_with_head"	"X1930_sim_with_head"	"X1940_sim_with_head"	"X1950_sim_with_head"	"X1960_sim_with_head"	"X1970_sim_with_head"	"X1980_sim_with_head"	"X1990_sim_with_head"	"X2000_sim_with_head"	"X1830_sim_with_modifier"	"X1840_sim_with_modifier"	"X1850_sim_with_modifier"	"X1860_sim_with_modifier"	"X1870_sim_with_modifier"	"X1880_sim_with_modifier"	"X1890_sim_with_modifier"	"X1900_sim_with_modifier"	"X1910_sim_with_modifier"	"X1920_sim_with_modifier"	"X1930_sim_with_modifier"	"X1940_sim_with_modifier"	"X1950_sim_with_modifier"	"X1960_sim_with_modifier"	"X1970_sim_with_modifier"	"X1980_sim_with_modifier"	"X1990_sim_with_modifier"	"X2000_sim_with_modifier"	"fitted_values"
"1"	"web_noun"	"site_noun"	2.678571	1.69144	3.933333	1.181336	3.785714	1.205853	0	0	0	0	0	0	0	0	0	0	0	0	0	0	0	0	0.133333333333333	0.0625	0	0	0	0	0	0	0	0	0	0	0	0	0	0	0	0	0.794244432321077	0.894674227876562	0	0	0	0	0	0	0	0	0	0	0	0	0	0	0	0	0.642666573251193	0.817867276089745	0	0	0	0	0	0	0	0	0	0	0	0	0	0	0	0	0.133333333333333	0.117647058823529	0	0	0	0	0	0	0	0	0	0	0	0	0	0	0	0	0.794350377922869	0.894054586888908	0	0	0	0.00732000945038979	0.0203721177395857	0.00601642007148026	0.0016234456996718	0.0328336340739883	0	0.050959717585748	0.0470782728658315	0.0112684589606361	0.0407045871678142	0.0269203411765101	0.0311086474883268	0.021682939092934	0.0331955756968711	0.0216001294500542	0	0	0	0	0	0	0	0	0	0	0	0	0	0	0	0	0.165484093125474	0.143323654460427	0	0	0	0	0	0	0	0	0	0	0	0.0268352892181391	0	0	0	0	0.179486535109719	0.130811697788114	3.51339243849136
"2"	"video_noun"	"game_noun"	4.5	0.718795	5	0	4.6	0.61101	0	0	0	0	0	0	0	0	0	0	0	0	0	0	0	0.214285714285714	0.133333333333333	0.25	0	0	0	0	0	0	0	0	0	0	0	0	0	0	0	0.729077741044823	0.733105523008578	0.683071387700134	0	0	0	0	0	0	0	0	0	0	0	0	0	0	0	0.56921159431159	0.574549167022293	0.522080992652689	0	0	0	0	0	0	0	0	0	0	0	0	0	0	0	0.125	0.2	0.117647058823529	0	0	0	0	0	0	0	0	0	0	0	0	0	0	0	0.731364925812727	0.735060022560672	0.686521886851702	0	0	0	0.00732000945038979	0.0203721177395857	0.00601642007148026	0.0016234456996718	0.0328336340739883	0	0.050959717585748	0.0470782728658315	0.0112684589606361	0.0407045871678142	0.0269203411765101	0.0311086474883268	0.0670612231939508	0.0981319833676196	0.109413575935852	0	0	0	0	0	0	0	0	0	0	0	0	0	0	0	0.13702591801855	0.342682718175835	0.368783357091052	0	0	0	0	0	0	0	0	0	0	0	0.0268352892181391	0	0	0	0.156745525322706	0.235255249411801	0.222083092601969	3.63839010949103
"3"	"balance_noun"	"sheet_noun"	3.821429	0.888561	3.896552	0.95934	3.862069	1.007699	0	0	0	0	0	0	0	0	0	0.142857142857143	0	0	0	0	0	0.0714285714285714	0	0	0	0	0	0	0	0	0	0	0	0.998374395596522	0	0	0	0	0	0.992719241905265	0	0	0	0	0	0	0	0	0	0	0	0.998321390894523	0	0	0	0	0	0.992553938061029	0	0	0	0	0	0	0	0	0	0	0	0.142857142857143	0	0	0	0	0	0.0625	0	0	0	0	0	0	0	0	0	0	0	0.997786972743173	0	0	0	0	0	0.999132085074369	0	0	0	0	0	0.00732000945038979	0.0203721177395857	0.00601642007148026	0.0016234456996718	0.0328336340739883	0	0.161370661858551	0.0470782728658315	0.0112684589606361	0.0407045871678142	0.0269203411765101	0.0311086474883268	0.0536276376993735	0.0230246432684895	0.0174043581794172	0	0	0	0	0	0	0	0	0	0.313415726402201	0	0	0	0	0	0.219341934561364	0	0	0	0	0	0	0	0	0	0	0	0.268242806561013	0	0.0268352892181391	0	0	0	0.101003244643239	0	0	3.63503854180564
"4"	"radio_noun"	"station_noun"	4.655172	0.956858	4.344828	0.799822	4.466667	0.718022	0	0	0	0	0	0	0	0	0	0	0	0.2	0.2	0.363636363636364	0.4	0.357142857142857	0.2	0.1875	0	0	0	0	0	0	0	0	0	0	0	0.613237603992833	0.626955589539492	0.766131247173046	0.768968890950988	0.593015565146864	0.634541218742258	0.728336754483722	0	0	0	0	0	0	0	0	0	0	0	0.442863509795506	0.460377965290191	0.676557512411279	0.679538764959312	0.425860476046155	0.466978838756233	0.567978888635169	0	0	0	0	0	0	0	0	0	0	0	0.263157894736842	0.263157894736842	0.0769230769230769	0.0666666666666667	0.1875	0.266666666666667	0.117647058823529	0	0	0	0	0	0	0	0	0	0	0	0.613946063880963	0.629290678890613	0.769754145886747	0.77107882283234	0.594182742743383	0.632548379607728	0.7297452788003	0	0	0	0.00732000945038979	0.0203721177395857	0.00601642007148026	0.0016234456996718	0.0328336340739883	0	0.050959717585748	0.0470782728658315	0.0692810869758623	0.130635983869435	0.0706842232203751	0.0678783741991329	0.0575796136591083	0.0527530595796481	0.0576344663724479	0	0	0	0	0	0	0	0	0	0	0	0.147104230593388	0.0680195039290726	0.0568938505164448	0.134743463326936	0.14096813557575	0.0705438151516602	0.104379111722957	0	0	0	0	0	0	0	0	0	0	0	0.281702045154652	0.230714629777246	0.0886506722132025	0.141467355070183	0.131218977628978	0.119341527730861	0.106134996916985	3.72932895390925
"5"	"face_noun"	"value_noun"	1.392857	1.112888	4.642857	0.811273	3.037037	0.881139	0	0	0	0	0	0	0	0	0	0.285714285714286	0.3	0.1	0.1	0.0909090909090909	0	0.142857142857143	0.266666666666667	0.0625	0	0	0	0	0	0	0	0	0	0.87180027938343	0.805313077918438	0.993959444466558	0.992821482291584	0.99322395304571	0	0.889084397056287	0.787786532657696	0.990316132877909	0	0	0	0	0	0	0	0	0	0.785733413626416	0.715476643643492	0.993787321769409	0.992632455457945	0.993035460209023	0	0.812786235525025	0.703643616161341	0.990094665202255	0	0	0	0	0	0	0	0	0	0.142857142857143	0.0625	0.0526315789473684	0.0526315789473684	0.0769230769230769	0	0.0625	0.0666666666666667	0.0588235294117647	0	0	0	0	0	0	0	0	0	0.87478185270594	0.813035169947572	0.999086804306196	0.999044019440713	0.999031365610751	0	0.895360799212991	0.793941832634522	0.999059840606972	0	0	0	0.00732000945038979	0.0203721177395857	0.00601642007148026	0.0016234456996718	0.0328336340739883	0	0.0654623617668425	0.0846325259420938	0.0507221432317613	0.103615779957027	0.0727086129257068	0.0311086474883268	0.0435791136824097	0.0457904420523993	0.0476187390053242	0	0	0	0	0	0	0	0	0	0.161826037335913	0.114069382904133	0.315309383143962	0.271903630929139	0.264847742874385	0	0.118198865826499	0.120299013219607	0.0908408953450667	0	0	0	0	0	0	0	0	0	0.168438968223833	0.149358279779622	0.235142181343154	0.204988331568142	0.202355349468131	0	0.212388322060382	0.211167117215045	0.119535054028303	3.65655303276615
"6"	"ground_noun"	"floor_noun"	4.655172	0.657889	4.7	0.781025	4.666667	0.596285	0	0	0	0	0	0	0	0	0	0.142857142857143	0	0	0	0.0909090909090909	0.1	0.142857142857143	0.2	0.1875	0	0	0	0	0	0	0	0	0	0.991663124536103	0	0	0	0.876321397524474	0.880743967655278	0.79048608561892	0.726265498511066	0.725218314684241	0	0	0	0	0	0	0	0	0	0.991392635643752	0	0	0	0.794660210422879	0.799264170006573	0.637915591032887	0.568672206782966	0.565317312790199	0	0	0	0	0	0	0	0	0	0.142857142857143	0	0	0	0.153846153846154	0.133333333333333	0.125	0.133333333333333	0.117647058823529	0	0	0	0	0	0	0	0	0	0.999251850201329	0	0	0	0.88432468708479	0.884964262872978	0.792333577150724	0.734481376262959	0.729628524565016	0	0	0	0.00732000945038979	0.0203721177395857	0.00601642007148026	0.0016234456996718	0.0328336340739883	0	0.0537199665493568	0.0470782728658315	0.0112684589606361	0.0407045871678142	0.0362146668353593	0.0368983130077135	0.026411569290608	0.0273027198434157	0.0235327773498454	0	0	0	0	0	0	0	0	0	0.0729634353263369	0	0	0	0.0925857941060721	0.0586090086328214	0.0624091750306905	0.0420538346984059	0.0709554168398622	0	0	0	0	0	0	0	0	0	0.0405070683295731	0	0.0268352892181391	0	0.139612741426702	0.0712247212658828	0.0522941483269725	0.153917921537628	0.0876792726741613	3.70464737953507
"7"	"law_noun"	"firm_noun"	4.724138	0.51839	3.892857	1.496169	4.4	0.757188	0	0	0	0	0	0	0	0	0	0	0	0	0.1	0	0.1	0.0714285714285714	0.0666666666666667	0.0625	0	0	0	0	0	0	0	0	0	0	0	0	0.768075668113483	0	0.812950155664926	0.724715329718169	0.785643531961717	0.78638579500862	0	0	0	0	0	0	0	0	0	0	0	0	0.680143666153482	0	0.724503773112748	0.641670893332634	0.701754699338059	0.701344066406545	0	0	0	0	0	0	0	0	0	0	0	0	0.210526315789474	0	0.2	0.375	0.266666666666667	0.235294117647059	0	0	0	0	0	0	0	0	0	0	0	0	0.776462004154251	0	0.81898589361677	0.731594206183766	0.794862078180003	0.790853364884774	0	0	0	0.00732000945038979	0.0203721177395857	0.00601642007148026	0.0016234456996718	0.0328336340739883	0	0.050959717585748	0.0470782728658315	0.0112684589606361	0.0433876165491623	0.0269203411765101	0.0342175644569378	0.0264690461761414	0.0261563264344915	0.019101724031341	0	0	0	0	0	0	0	0	0	0	0	0	0.0293279539564556	0	0.0799984272195065	0.0634259599552439	0.0386305446226102	0.106263912575544	0	0	0	0	0	0	0	0	0	0	0	0.0268352892181391	0.0579126051034217	0	0.0397019866670173	0.027731796810991	0.0752159928983188	0.083037990243127	3.88838545149036
"8"	"lip_noun"	"service_noun"	2.033333	1.251222	1.75	1.404711	1.62069	1.063948	0	0	0	0	0	0	0	0	0	0	0.4	0	0.6	0.545454545454545	0.7	1	1	0	0	0	0	0	0	0	0	0	0	0	0.759796413065094	0	0.708081749205411	0.699663926922622	0.676544129187948	0.600886357450682	0.597103452520051	0	0	0	0	0	0	0	0	0	0	0	0.669313096437053	0	0.621974484718638	0.612672410923524	0.591448969451126	0.52732474973449	0.524512225874276	0	0	0	0	0	0	0	0	0	0	0	0.0625	0	0.0526315789473684	0.0769230769230769	0.0666666666666667	0.0625	0.0666666666666667	0	0	0	0	0	0	0	0	0	0	0	0.76497928378066	0	0.710802072543003	0.702535086699428	0.679610684802436	0.604711348416778	0.599264477733325	0	0	0	0	0.00732000945038979	0.0203721177395857	0.00601642007148026	0.0016234456996718	0.0328336340739883	0	0.050959717585748	0.0868722252653551	0.0112684589606361	0.0681771335236172	0.0616646040102826	0.0525950496357226	0.0718526113986917	0.0632850578026638	0.0174043581794172	0	0	0	0	0	0	0	0	0	0	0.333625570459827	0	0.321563460944635	0.248534557927449	0.340352056387767	0.425146965281932	0.284312819383076	0	0	0	0	0	0	0	0	0	0	0	0.114534694685978	0.0268352892181391	0.0941530674534795	0.105295768689983	0.0915547592206995	0.10401115294625	0.126050168222504	0	3.61855128736877
"9"	"health_noun"	"insurance_noun"	4.533333	0.884433	4.833333	0.582142	4.4	1.171893	0	0	0	0	0	0	0	0	0	0	0.6	0.3	0.5	0.454545454545455	0.5	0.428571428571429	0.333333333333333	0.1875	0	0	0	0	0	0	0	0	0	0	0.57715245184722	0.809924307625829	0.623647007949595	0.499856256401698	0.43735275012772	0.41829084548966	0.379568962208667	0.562807157246784	0	0	0	0	0	0	0	0	0	0	0.408309625737326	0.720498802744479	0.45747240993544	0.326384345753694	0.269195018767625	0.260057567864131	0.228871698378488	0.397048456145445	0	0	0	0	0	0	0	0	0	0	0.125	0.0526315789473684	0.105263157894737	0.307692307692308	0.4	0.5	0.866666666666667	0.352941176470588	0	0	0	0	0	0	0	0	0	0	0.578837233191658	0.815379252948832	0.628127262311452	0.50352173377891	0.440036533124727	0.420487541161031	0.382519178880361	0.56498330469302	0	0	0	0.00732000945038979	0.0203721177395857	0.00601642007148026	0.0016234456996718	0.0328336340739883	0	0.050959717585748	0.0836584486624937	0.072169571537334	0.123657664925843	0.0913364122090324	0.101345604794048	0.0666342857608928	0.0597077044176814	0.0411483799966407	0	0	0	0	0	0	0	0	0	0	0.0443272627393432	0.198635908369166	0.251246875998643	0.175778013002389	0.232931370791847	0.33288943420283	0.202412221905953	0.204223792997909	0	0	0	0	0	0	0	0	0	0	0.118007926225053	0.29781247266577	0.214846928074939	0.296014039918705	0.251719168152542	0.159384010817853	0.260578206652304	0.152775919352728	4.04893313363801
"10"	"chain_noun"	"reaction_noun"	2.407407	1.162987	4.517241	0.724958	2.931034	1.142624	0	0	0	0	0	0	0	0	0	0	0	0	0.1	0	0	0	0	0	0	0	0	0	0	0	0	0	0	0	0	0	0.991720194343047	0	0	0	0	0	0	0	0	0	0	0	0	0	0	0	0	0	0.991502339089034	0	0	0	0	0	0	0	0	0	0	0	0	0	0	0	0	0	0.0526315789473684	0	0	0	0	0	0	0	0	0	0	0	0	0	0	0	0	0	0.999256647172589	0	0	0	0	0	0	0	0	0.00732000945038979	0.0203721177395857	0.00601642007148026	0.0016234456996718	0.0328336340739883	0	0.050959717585748	0.0470782728658315	0.0112684589606361	0.128661769760687	0.0269203411765101	0.0311086474883268	0.021682939092934	0.0230246432684895	0.0174043581794172	0	0	0	0	0	0	0	0	0	0	0	0	0.176103524298774	0	0	0	0	0	0	0	0	0	0	0	0	0	0	0	0	0.0268352892181391	0.182696178622756	0	0	0	0	0	3.51339243849136
"11"	"graduate_noun"	"student_noun"	4.7	0.458258	5	0	4.9	0.3	0	0	0	0	0	0	0	0	0	0	0	0	0	0	0	0	0.133333333333333	0	0	0	0	0	0	0	0	0	0	0	0	0	0	0	0	0	0.787937679374951	0	0	0	0	0	0	0	0	0	0	0	0	0	0	0	0	0	0.637382066970611	0	0	0	0	0	0	0	0	0	0	0	0	0	0	0	0	0	0.133333333333333	0	0	0	0	0	0	0	0	0	0	0	0	0	0	0	0	0	0.794984047151089	0	0	0	0	0.00732000945038979	0.0203721177395857	0.00601642007148026	0.0016234456996718	0.0328336340739883	0	0.050959717585748	0.0470782728658315	0.0112684589606361	0.0407045871678142	0.0269203411765101	0.0311086474883268	0.021682939092934	0.179223737094806	0.0174043581794172	0	0	0	0	0	0	0	0	0	0	0	0	0	0	0	0	0.102017003155841	0	0	0	0	0	0	0	0	0	0	0	0	0.0268352892181391	0	0	0	0	0.0506986973754644	0	3.51339243849136
"12"	"rock_noun"	"bottom_noun"	0.740741	0.885797	3.8	1.077033	2.142857	1.186661	0	0	0	0	0	0	0	0	0	0	0	0	0	0	0	0.0714285714285714	0	0	0	0	0	0	0	0	0	0	0	0	0	0	0	0	0	0.790025486846658	0	0	0	0	0	0	0	0	0	0	0	0	0	0	0	0	0	0.704943254254797	0	0	0	0	0	0	0	0	0	0	0	0	0	0	0	0	0	0.25	0	0	0	0	0	0	0	0	0	0	0	0	0	0	0	0	0	0.791889868096496	0	0	0	0	0	0.00732000945038979	0.0203721177395857	0.00601642007148026	0.0016234456996718	0.0328336340739883	0	0.050959717585748	0.0470782728658315	0.0112684589606361	0.0407045871678142	0.0269203411765101	0.0311086474883268	0.0443852748750985	0.0230246432684895	0.0174043581794172	0	0	0	0	0	0	0	0	0	0	0	0	0	0	0	0.190884391468663	0	0	0	0	0	0	0	0	0	0	0	0	0	0.0268352892181391	0	0	0	0.129166960248551	0	0	3.76338778049069
"13"	"climate_noun"	"change_noun"	4.896552	0.304543	4.827586	0.37774	4.965517	0.182466	0	0	0	0	0	0	0	0	0	0	0	0	0	0	0	0	0.133333333333333	0.0625	0	0	0	0	0	0	0	0	0	0	0	0	0	0	0	0	0.89517159854573	0.993385668757757	0	0	0	0	0	0	0	0	0	0	0	0	0	0	0	0	0.819362150788349	0.993234077056013	0	0	0	0	0	0	0	0	0	0	0	0	0	0	0	0	0.0666666666666667	0.0588235294117647	0	0	0	0	0	0	0	0	0	0	0	0	0	0	0	0	0.896416631574829	0.9985137018781	0	0	0	0.00732000945038979	0.0203721177395857	0.00601642007148026	0.0016234456996718	0.0328336340739883	0	0.050959717585748	0.0470782728658315	0.0112684589606361	0.0407045871678142	0.0269203411765101	0.0311086474883268	0.021682939092934	0.306448944671108	0.405231745988776	0	0	0	0	0	0	0	0	0	0	0	0	0	0	0	0	0.281774123354447	0.422255562904726	0	0	0	0	0	0	0	0	0	0	0	0.0268352892181391	0	0	0	0	0.299215519301969	0.325479423192462	3.51339243849136
"14"	"case_noun"	"study_noun"	3.655172	1.122677	4.666667	0.471405	3.7	0.971253	0	0	0	0	0	0	0	0	0	0	0	0	0	0	0	0	0	0.125	0	0	0	0	0	0	0	0	0	0	0	0	0	0	0	0	0	0.88969522520834	0	0	0	0	0	0	0	0	0	0	0	0	0	0	0	0	0	0.813174552220796	0	0	0	0	0	0	0	0	0	0	0	0	0	0	0	0	0	0.0588235294117647	0	0	0	0	0	0	0	0	0	0	0	0	0	0	0	0	0	0.894646136206299	0	0	0	0.00732000945038979	0.0203721177395857	0.00601642007148026	0.0016234456996718	0.0328336340739883	0	0.050959717585748	0.0470782728658315	0.0112684589606361	0.0407045871678142	0.0269203411765101	0.0311086474883268	0.021682939092934	0.0230246432684895	0.0818869161950216	0	0	0	0	0	0	0	0	0	0	0	0	0	0	0	0	0	0.0987381637163876	0	0	0	0	0	0	0	0	0	0	0	0.0268352892181391	0	0	0	0	0	0.116487356379994	3.51339243849136
"15"	"interest_noun"	"rate_noun"	4.344828	0.992241	4.689655	0.531974	4.571429	0.903508	0	0	0	0	0	0	0	0	0	0	0.4	0	0.4	0.545454545454545	0.6	0.642857142857143	0.4	0.3125	0	0	0	0	0	0	0	0	0	0	0.757742280284148	0	0.767038397491947	0.69830429875364	0.699447810746939	0.503413909197911	0.730059339019159	0.754331537950288	0	0	0	0	0	0	0	0	0	0	0.667427118974923	0	0.679200044025197	0.611481145217819	0.612891535177922	0.34314701624733	0.647270678591178	0.669676912123274	0	0	0	0	0	0	0	0	0	0	0.0625	0	0.0526315789473684	0.0769230769230769	0.0666666666666667	0.1875	0.0666666666666667	0.0588235294117647	0	0	0	0	0	0	0	0	0	0	0.764729797354554	0	0.77649369214738	0.703096651087965	0.704598319701797	0.506628791657423	0.734696699657275	0.757162371727436	0	0	0	0.00732000945038979	0.0203721177395857	0.00601642007148026	0.0016234456996718	0.0328336340739883	0	0.050959717585748	0.0903470978422085	0.0112684589606361	0.093634505316748	0.0797379504989775	0.0548413041362986	0.0457638000037291	0.0554612361808068	0.0588685662436652	0	0	0	0	0	0	0	0	0	0	0.272264717241602	0	0.469580929975857	0.459433477583838	0.333165904193043	0.711895796895607	0.45155360498602	0.278787235765707	0	0	0	0	0	0	0	0	0	0	0.118681275683966	0.0268352892181391	0.193750466052619	0.192794635255336	0.110381990295793	0.14979693217169	0.134916305413985	0.146156701490223	3.74354895836844
"16"	"engine_noun"	"room_noun"	4.862069	0.344828	5	0	4.931034	0.253395	0	0	0	0	0	0	0	0	0.5	0	1	0	1	0.636363636363636	0	0.928571428571429	0	0	0	0	0	0	0	0	0	0	0.833026065399813	0	0.605133434298536	0	0.622476792027042	0.671620473516836	0	0.61411647985852	0	0	0	0	0	0	0	0	0	0	0.73327058352102	0	0.524755807638442	0	0.543104860810488	0.586665067254304	0	0.539246134149819	0	0	0	0	0	0	0	0	0	0	0.333333333333333	0	0.0625	0	0.0526315789473684	0.0769230769230769	0	0.0625	0	0	0	0	0	0	0	0	0	0	0.840036602735255	0	0.609864704638233	0	0.629223065384725	0.677509276587205	0	0.615947507353437	0	0	0	0	0	0.00732000945038979	0.0203721177395857	0.00601642007148026	0.0016234456996718	0.0328336340739883	0.0292168966367128	0.050959717585748	0.0679329986960956	0.0112684589606361	0.0520210766858384	0.0323302315923686	0.0311086474883268	0.0361042438803758	0.0230246432684895	0.0174043581794172	0	0	0	0	0	0	0	0	0.164326549930583	0	0.130882070538344	0	0.0294597078113492	0.0304262831312571	0	0.0173100677653974	0	0	0	0	0	0	0	0	0	0	0.0125649678233613	0	0.638993811115127	0.0268352892181391	0.0447541361151824	0.0741266748971513	0	0.0605208564223817	0	0	3.62566128959837
"17"	"research_noun"	"project_noun"	4.9	0.3	4.533333	0.956847	4.821429	0.382993	0	0	0	0	0	0	0	0	0	0	0	0	0	0	0	0	0.2	0	0	0	0	0	0	0	0	0	0	0	0	0	0	0	0	0	0.592603058696773	0	0	0	0	0	0	0	0	0	0	0	0	0	0	0	0	0	0.427746721030639	0	0	0	0	0	0	0	0	0	0	0	0	0	0	0	0	0	0.333333333333333	0	0	0	0	0	0	0	0	0	0	0	0	0	0	0	0	0	0.598856040651454	0	0	0	0	0.00732000945038979	0.0203721177395857	0.00601642007148026	0.0016234456996718	0.0328336340739883	0	0.050959717585748	0.0470782728658315	0.0112684589606361	0.0407045871678142	0.0269203411765101	0.0311086474883268	0.021682939092934	0.184906391453381	0.0174043581794172	0	0	0	0	0	0	0	0	0	0	0	0	0	0	0	0	0.110615432193162	0	0	0	0	0	0	0	0	0	0	0	0	0.0268352892181391	0	0	0	0	0.0577826125152436	0	3.51339243849136
"18"	"credit_noun"	"card_noun"	4.666667	0.537484	4.896552	0.304543	4.666667	0.699206	0	0	0	0	0	0	0	0	0	0	0	0	0	0	0	0.0714285714285714	0.2	0.125	0	0	0	0	0	0	0	0	0	0	0	0	0	0	0	0.895519057274231	0.672963536454515	0.891313101851069	0	0	0	0	0	0	0	0	0	0	0	0	0	0	0	0.818972398616144	0.507163365530112	0.814660758886244	0	0	0	0	0	0	0	0	0	0	0	0	0	0	0	0.125	0.2	0.0588235294117647	0	0	0	0	0	0	0	0	0	0	0	0	0	0	0	0.895113796826254	0.674672141774467	0.894289307750842	0	0	0	0.00732000945038979	0.0203721177395857	0.00601642007148026	0.0016234456996718	0.0328336340739883	0	0.050959717585748	0.0470782728658315	0.0112684589606361	0.0407045871678142	0.0269203411765101	0.0311086474883268	0.0436494624354747	0.0702275693513478	0.0447817125711946	0	0	0	0	0	0	0	0	0	0	0	0	0	0	0	0.184002788489268	0.25485260296084	0.235649541944136	0	0	0	0	0	0	0	0	0	0	0	0.0268352892181391	0	0	0	0.178671946130928	0.204280488104756	0.201179026511528	3.63839010949103
"19"	"parking_noun"	"lot_noun"	4.833333	0.372678	4.766667	0.495536	4.7	0.640312	0	0	0	0	0	0	0	0	0	0	0	0	0.1	0	0.1	0.0714285714285714	0.0666666666666667	0.0625	0	0	0	0	0	0	0	0	0	0	0	0	0.994260773049005	0	0.99433396407128	0.991951516311394	0.993933505760044	0.892991760970719	0	0	0	0	0	0	0	0	0	0	0	0	0.994109491185698	0	0.994178226561936	0.991768879301715	0.993798993592498	0.816335534954506	0	0	0	0	0	0	0	0	0	0	0	0	0.0526315789473684	0	0.0666666666666667	0.0625	0.0666666666666667	0.117647058823529	0	0	0	0	0	0	0	0	0	0	0	0	0.998766475085823	0	0.998952486317498	0.999267974888034	0.998764851942754	0.894484020563331	0	0	0	0.00732000945038979	0.0203721177395857	0.00601642007148026	0.0016234456996718	0.0328336340739883	0	0.050959717585748	0.0470782728658315	0.0112684589606361	0.0539193932793355	0.0269203411765101	0.063985650546237	0.0592853545496787	0.0532988521880146	0.0377575389005831	0	0	0	0	0	0	0	0	0	0	0	0	0.232885889082662	0	0.52612063667129	0.468016538800174	0.607696431455744	0.40826656081829	0	0	0	0	0	0	0	0	0	0	0	0.0268352892181391	0.048526429834257	0	0.0685745271900769	0.0920490087980959	0.0812480821605161	0.0531751106609234	3.57589127399119
"20"	"brick_noun"	"wall_noun"	3.16	2.20327	3.533333	1.857118	3.793103	1.749469	0	0	0	0	0	0	0	0	0	0	0	0	0	0	0	0.0714285714285714	0.133333333333333	0	0	0	0	0	0	0	0	0	0	0	0	0	0	0	0	0.99975320213246	0.893200056372043	0	0	0	0	0	0	0	0	0	0	0	0	0	0	0	0	0.999747571448548	0.817425442853006	0	0	0	0	0	0	0	0	0	0	0	0	0	0	0	0	0.0625	0.0666666666666667	0	0	0	0	0	0	0	0	0	0	0	0	0	0	0	0	0.997891771932895	0.896320051323913	0	0	0	0	0.00732000945038979	0.0203721177395857	0.00601642007148026	0.0016234456996718	0.0328336340739883	0	0.050959717585748	0.0470782728658315	0.0112684589606361	0.0407045871678142	0.0269203411765101	0.0311086474883268	0.0715372073203785	0.0357373378449919	0.0174043581794172	0	0	0	0	0	0	0	0	0	0	0	0	0	0	0	0.0769451168329738	0.242522590469357	0	0	0	0	0	0	0	0	0	0	0	0	0.0268352892181391	0	0	0	0.0689282665855247	0.171550358887199	0	3.57589127399119
"21"	"speed_noun"	"limit_noun"	4.933333	0.249444	4.827586	0.37774	4.827586	0.460057	0	0	0	0	0	0	0	0	0	0	0	0	0	0	0.1	0	0.0666666666666667	0.0625	0	0	0	0	0	0	0	0	0	0	0	0	0	0	0.996283197753673	0	0.990068665024987	0.992072346509021	0	0	0	0	0	0	0	0	0	0	0	0	0	0	0.996180894578584	0	0.989849046192871	0.991890821073945	0	0	0	0	0	0	0	0	0	0	0	0	0	0	0.0666666666666667	0	0.0666666666666667	0.0588235294117647	0	0	0	0	0	0	0	0	0	0	0	0	0	0	0.998567761553452	0	0.999439373616398	0.99874717074227	0	0	0	0.00732000945038979	0.0203721177395857	0.00601642007148026	0.0016234456996718	0.0328336340739883	0	0.050959717585748	0.0470782728658315	0.0112684589606361	0.0407045871678142	0.0269203411765101	0.329739167013418	0.021682939092934	0.264951466933891	0.201077698096033	0	0	0	0	0	0	0	0	0	0	0	0	0	0	0.385844209246914	0	0.280560772306946	0.368858112857506	0	0	0	0	0	0	0	0	0	0	0	0.0268352892181391	0	0	0.449400953208436	0	0.308096881850063	0.274035980330564	3.51339243849136
"22"	"academy_noun"	"award_noun"	3.1304	1.6322	4.6957	1.4731	3.5217	1.4731	0	0	0	0	0	0	0	0	0	0	0	0	0.1	0.0909090909090909	0.1	0.0714285714285714	0.133333333333333	0.125	0	0	0	0	0	0	0	0	0	0	0	0	0.992063206793929	0.991728663071018	0.992532039145455	0.991627825475993	0.887821261730909	0.887998072254591	0	0	0	0	0	0	0	0	0	0	0	0	0.991854325693752	0.991498822337385	0.992327038680063	0.991437885983247	0.812419604626471	0.811617435531179	0	0	0	0	0	0	0	0	0	0	0	0	0.0526315789473684	0.0769230769230769	0.0666666666666667	0.0625	0.0666666666666667	0.0588235294117647	0	0	0	0	0	0	0	0	0	0	0	0	0.999190396737268	0.999329517601732	0.999308781866492	0.999325299719092	0.897227175845195	0.895029217237311	0	0	0	0.00732000945038979	0.0203721177395857	0.00601642007148026	0.0016234456996718	0.0328336340739883	0	0.050959717585748	0.0470782728658315	0.0112684589606361	0.211297139921519	0.156189958374611	0.109739420404124	0.173871343994431	0.127334991371422	0.147629799435317	0	0	0	0	0	0	0	0	0	0	0	0	0.333962580372853	0.29539958711481	0.253625049601532	0.418685275962097	0.288300002872634	0.397691932822551	0	0	0	0	0	0	0	0	0	0	0	0.0268352892181391	0.449517607630227	0.422912778984039	0.353696877837674	0.309545899289176	0.334645417732062	0.315473956953698	3.58300127622079
"23"	"banana_noun"	"republic_noun"	0.8182	0.8528	2.7727	0.9409	0.8636	0.9409	0	0	0	0	0	0	0	0	0	0	0	0	0	0	0	0	0	0.0625	0	0	0	0	0	0	0	0	0	0	0	0	0	0	0	0	0	0.990487934367803	0	0	0	0	0	0	0	0	0	0	0	0	0	0	0	0	0	0.990270369692481	0	0	0	0	0	0	0	0	0	0	0	0	0	0	0	0	0	0.0588235294117647	0	0	0	0	0	0	0	0	0	0	0	0	0	0	0	0	0	0.999029230002183	0	0	0	0.00732000945038979	0.0203721177395857	0.00601642007148026	0.0016234456996718	0.0328336340739883	0	0.050959717585748	0.0470782728658315	0.0112684589606361	0.0407045871678142	0.0269203411765101	0.0311086474883268	0.021682939092934	0.0230246432684895	0.167533285377051	0	0	0	0	0	0	0	0	0	0	0	0	0	0	0	0	0	0.847092698414785	0	0	0	0	0	0	0	0	0	0	0	0.0268352892181391	0	0	0	0	0	0.149132950754964	3.51339243849136
"24"	"box_noun"	"office_noun"	0.56	0.8206	1.64	1.1299	0.88	1.1299	0	0	0	0	0	0	0	0	0	0	0	0.3	0.5	0	0.6	0.357142857142857	0.266666666666667	0.1875	0	0	0	0	0	0	0	0	0	0	0	0.696970690588309	0.737201428535222	0	0.701129273985285	0.758364618213709	0.792411566360845	0.835701916291954	0	0	0	0	0	0	0	0	0	0	0	0.525695591709408	0.649688617796528	0	0.614389673783483	0.673630845084727	0.70787905310752	0.751373082266056	0	0	0	0	0	0	0	0	0	0	0	0.105263157894737	0.0526315789473684	0	0.0666666666666667	0.0625	0.0666666666666667	0.0588235294117647	0	0	0	0	0	0	0	0	0	0	0	0.699477206983335	0.74021898440045	0	0.704453884168713	0.758700308876986	0.793845885220613	0.833852884699673	0	0	0	0.00732000945038979	0.0203721177395857	0.00601642007148026	0.0016234456996718	0.0328336340739883	0	0.050959717585748	0.0470782728658315	0.0240399990734859	0.043945125381358	0.0269203411765101	0.0335073819895348	0.0347718276572539	0.0355870004848805	0.023941600355173	0	0	0	0	0	0	0	0	0	0	0	0.0447616330026929	0.0868505977520709	0	0.0339054318901925	0.200487399455846	0.183778735205943	0.246026001378648	0	0	0	0	0	0	0	0	0	0	0	0.136022399453699	0.0389575101728257	0	0.0660893252201873	0.0775139338955238	0.0533580029018659	0.0339592753797828	3.57589127399119
"25"	"crime_noun"	"rate_noun"	4.7826	1.0426	4.0435	1.4378	4.3913	1.4378	0	0	0	0	0	0	0	0	0	0	0	0	0	0	0	0.642857142857143	0	0	0	0	0	0	0	0	0	0	0	0	0	0	0	0	0	0.565294789306771	0	0	0	0	0	0	0	0	0	0	0	0	0	0	0	0	0	0.410640259608193	0	0	0	0	0	0	0	0	0	0	0	0	0	0	0	0	0	0.125	0	0	0	0	0	0	0	0	0	0	0	0	0	0	0	0	0	0.567163708147885	0	0	0	0	0	0.00732000945038979	0.0203721177395857	0.00601642007148026	0.0016234456996718	0.0328336340739883	0	0.050959717585748	0.0470782728658315	0.0112684589606361	0.0407045871678142	0.0269203411765101	0.0311086474883268	0.0354901623744799	0.0230246432684895	0.0174043581794172	0	0	0	0	0	0	0	0	0	0	0	0	0	0	0	0.253358224117235	0	0	0	0	0	0	0	0	0	0	0	0	0	0.0268352892181391	0	0	0	0.117556144540648	0	0	3.63839010949103
"26"	"fairy_noun"	"tale_noun"	1.6364	1.177	4.2727	1.3588	1.6818	1.3588	0	0	0	0	0	0	0	0	0	0	0	0	0	0	0	0.0714285714285714	0.0666666666666667	0.0625	0	0	0	0	0	0	0	0	0	0	0	0	0	0	0	0.993705422326309	0.992049864516692	0.989125914251587	0	0	0	0	0	0	0	0	0	0	0	0	0	0	0	0.993562411073353	0.991873815882094	0.988877432993897	0	0	0	0	0	0	0	0	0	0	0	0	0	0	0	0.0625	0.0666666666666667	0.0588235294117647	0	0	0	0	0	0	0	0	0	0	0	0	0	0	0	0.998957677435637	0.999093281057202	0.999272048329891	0	0	0	0.00732000945038979	0.0203721177395857	0.00601642007148026	0.0016234456996718	0.0328336340739883	0	0.050959717585748	0.0470782728658315	0.0112684589606361	0.0407045871678142	0.0269203411765101	0.0311086474883268	0.377822898601998	0.553078249101949	0.307482116453246	0	0	0	0	0	0	0	0	0	0	0	0	0	0	0	0.380398015160638	0.650507629953332	0.34413468834342	0	0	0	0	0	0	0	0	0	0	0	0.0268352892181391	0	0	0	0.571623937030595	0.722184238884745	0.320927890967643	3.57589127399119
"27"	"glass_noun"	"ceiling_noun"	0.6667	1.0165	1	1.167	0.8095	1.167	0	0	0	0	0	0	0	0	0	0	0	0	0	0	0	0	0.0666666666666667	0	0	0	0	0	0	0	0	0	0	0	0	0	0	0	0	0	0.888910009249909	0	0	0	0	0	0	0	0	0	0	0	0	0	0	0	0	0	0.813401100280263	0	0	0	0	0	0	0	0	0	0	0	0	0	0	0	0	0	0.133333333333333	0	0	0	0	0	0	0	0	0	0	0	0	0	0	0	0	0	0.896908183852491	0	0	0	0	0.00732000945038979	0.0203721177395857	0.00601642007148026	0.0016234456996718	0.0328336340739883	0	0.050959717585748	0.0470782728658315	0.0112684589606361	0.0407045871678142	0.0269203411765101	0.0311086474883268	0.021682939092934	0.102852138423466	0.0174043581794172	0	0	0	0	0	0	0	0	0	0	0	0	0	0	0	0	0.424186894266801	0	0	0	0	0	0	0	0	0	0	0	0	0.0268352892181391	0	0	0	0	0.104234554304488	0	3.51339243849136
"28"	"health_noun"	"care_noun"	4.8	0.414	2.8667	0.7432	4.4667	0.7432	0	0	0	0	0	0	0	0	0	0	0	0	0	0.181818181818182	0.2	0.142857142857143	0.2	0.1875	0	0	0	0	0	0	0	0	0	0	0	0	0	0.656066906060965	0.588063398823776	0.582909112404431	0.455923036401266	0.561782426952736	0	0	0	0	0	0	0	0	0	0	0	0	0	0.485367283565153	0.42149639199872	0.426710839450703	0.302019135675222	0.396207844866461	0	0	0	0	0	0	0	0	0	0	0	0	0	0.307692307692308	0.4	0.5	0.866666666666667	0.352941176470588	0	0	0	0	0	0	0	0	0	0	0	0	0	0.656116036758545	0.590518032905567	0.58457195461136	0.458243283751234	0.564675230810185	0	0	0	0.00732000945038979	0.0203721177395857	0.00601642007148026	0.0016234456996718	0.0328336340739883	0	0.050959717585748	0.0470782728658315	0.0112684589606361	0.0407045871678142	0.0943679665836535	0.086147248514797	0.0859931986517715	0.0811108236987946	0.0562361374261616	0	0	0	0	0	0	0	0	0	0	0	0	0	0.12821021726076	0.193233167515105	0.4961373534994	0.178100326651374	0.176633341648003	0	0	0	0	0	0	0	0	0	0	0	0.0268352892181391	0	0.46001415843587	0.286112284303155	0.363582196797273	0.350906234734592	0.23689519691732	4.02760312694922
"29"	"home_noun"	"run_noun"	2.381	1.5645	3.4762	1.3148	2.8571	1.3148	0	0	0	0	0	0	0	0	0	0	0	0	0	0	0	0	0.0666666666666667	0	0	0	0	0	0	0	0	0	0	0	0	0	0	0	0	0	0.672511225205791	0	0	0	0	0	0	0	0	0	0	0	0	0	0	0	0	0	0.593249550457943	0	0	0	0	0	0	0	0	0	0	0	0	0	0	0	0	0	0.6	0	0	0	0	0	0	0	0	0	0	0	0	0	0	0	0	0	0.674635594780241	0	0	0	0	0.00732000945038979	0.0203721177395857	0.00601642007148026	0.0016234456996718	0.0328336340739883	0	0.050959717585748	0.0470782728658315	0.0112684589606361	0.0407045871678142	0.0269203411765101	0.0311086474883268	0.021682939092934	0.0788295080111254	0.0174043581794172	0	0	0	0	0	0	0	0	0	0	0	0	0	0	0	0	0.0713534572345612	0	0	0	0	0	0	0	0	0	0	0	0	0.0268352892181391	0	0	0	0	0.163023955104659	0	3.51339243849136
"30"	"information_noun"	"age_noun"	4.4	1.4541	1.2667	1.5492	3.4	1.5492	0	0	0	0	0	0	0	0	0	0	0	0	0	0	0	0	0.266666666666667	0	0	0	0	0	0	0	0	0	0	0	0	0	0	0	0	0	0.584448832588265	0	0	0	0	0	0	0	0	0	0	0	0	0	0	0	0	0	0.417847833892723	0	0	0	0	0	0	0	0	0	0	0	0	0	0	0	0	0	0.266666666666667	0	0	0	0	0	0	0	0	0	0	0	0	0	0	0	0	0	0.589680553277419	0	0	0	0	0.00732000945038979	0.0203721177395857	0.00601642007148026	0.0016234456996718	0.0328336340739883	0	0.050959717585748	0.0470782728658315	0.0112684589606361	0.0407045871678142	0.0269203411765101	0.0311086474883268	0.021682939092934	0.0523505720322336	0.0174043581794172	0	0	0	0	0	0	0	0	0	0	0	0	0	0	0	0	0.043655871962041	0	0	0	0	0	0	0	0	0	0	0	0	0.0268352892181391	0	0	0	0	0.106163546845911	0	3.51339243849136
"31"	"music_noun"	"festival_noun"	4.7895	0.5353	2.9474	0.7685	4.5789	0.7685	0	0	0	0	0	0	0	0	0	0	0	0	0	0	0	0	0.0666666666666667	0	0	0	0	0	0	0	0	0	0	0	0	0	0	0	0	0	0.995796196352334	0	0	0	0	0	0	0	0	0	0	0	0	0	0	0	0	0	0.995702865670294	0	0	0	0	0	0	0	0	0	0	0	0	0	0	0	0	0	0.0666666666666667	0	0	0	0	0	0	0	0	0	0	0	0	0	0	0	0	0	0.998440668897377	0	0	0	0	0.00732000945038979	0.0203721177395857	0.00601642007148026	0.0016234456996718	0.0328336340739883	0	0.050959717585748	0.0470782728658315	0.0112684589606361	0.0407045871678142	0.0269203411765101	0.0311086474883268	0.021682939092934	0.0859622815456216	0.0174043581794172	0	0	0	0	0	0	0	0	0	0	0	0	0	0	0	0	0.113869826776227	0	0	0	0	0	0	0	0	0	0	0	0	0.0268352892181391	0	0	0	0	0.0509780765280616	0	3.51339243849136
"32"	"peace_noun"	"conference_noun"	4.6667	0.637	4.4167	0.833	4.4583	0.833	0	0	0	0	0	0	0	0	0.25	0.142857142857143	0.3	0.4	0	0	0	0.214285714285714	0	0	0	0	0	0	0	0	0	0	0.997167479122119	0.871444586700732	0.80798352789276	0.645800594332147	0	0	0	0.669424409087963	0	0	0	0	0	0	0	0	0	0	0.997013328195972	0.785339441032092	0.71794932218824	0.474842837660419	0	0	0	0.502087633283545	0	0	0	0	0	0	0	0	0	0	0.333333333333333	0.285714285714286	0.0625	0.105263157894737	0	0	0	0.1875	0	0	0	0	0	0	0	0	0	0	0.998191216748546	0.874541732107406	0.813019091366143	0.650613845364119	0	0	0	0.669851691763264	0	0	0	0	0	0.00732000945038979	0.0203721177395857	0.00601642007148026	0.0016234456996718	0.0328336340739883	0.0293944856148624	0.0545373135573872	0.0663302120366112	0.0156865776501629	0.0407045871678142	0.0269203411765101	0.0311086474883268	0.0302055389253216	0.0230246432684895	0.0174043581794172	0	0	0	0	0	0	0	0	0.0492464841273119	0.0732086144125275	0.110963829706059	0.111371549425174	0	0	0	0.203629727657401	0	0	0	0	0	0	0	0	0	0	0.142898640572966	0.0596462900793544	0.11892220569392	0.100831751519417	0	0	0	0.125982161412079	0	0	3.80477899188884
"33"	"shelf_noun"	"life_noun"	1.5217	1.1627	2.1739	1.4596	1.3043	1.4596	0	0	0	0	0	0	0	0	0	0	0	0	0	0	0	0	0	0.375	0	0	0	0	0	0	0	0	0	0	0	0	0	0	0	0	0	0.724374741533676	0	0	0	0	0	0	0	0	0	0	0	0	0	0	0	0	0	0.641063247556017	0	0	0	0	0	0	0	0	0	0	0	0	0	0	0	0	0	0.0588235294117647	0	0	0	0	0	0	0	0	0	0	0	0	0	0	0	0	0	0.729696628953875	0	0	0	0.00732000945038979	0.0203721177395857	0.00601642007148026	0.0016234456996718	0.0328336340739883	0	0.050959717585748	0.0470782728658315	0.0112684589606361	0.0407045871678142	0.0269203411765101	0.0311086474883268	0.021682939092934	0.0230246432684895	0.0210524160573547	0	0	0	0	0	0	0	0	0	0	0	0	0	0	0	0	0	0.201555969043749	0	0	0	0	0	0	0	0	0	0	0	0.0268352892181391	0	0	0	0	0	0.036000814498696	3.51339243849136
"34"	"tear_noun"	"gas_noun"	2.8636	1.4572	4.7727	1.5791	3.2727	1.5791	0	0	0	0	0	0	0	0	0	0	0.2	0	0.1	0.0909090909090909	0.1	0.214285714285714	0	0.125	0	0	0	0	0	0	0	0	0	0	0.877011803449621	0	0.996003271518877	0.989941291548855	0.993566371458285	0.832400708105673	0	0.893141682076043	0	0	0	0	0	0	0	0	0	0	0.793938957266833	0	0.995897790166639	0.989662143799316	0.993389633025622	0.748554113660531	0	0.816438162990379	0	0	0	0	0	0	0	0	0	0	0.0625	0	0.0526315789473684	0.0769230769230769	0.0666666666666667	0.0625	0	0.0588235294117647	0	0	0	0	0	0	0	0	0	0	0.881372559520868	0	0.998430979338718	0.999686476155897	0.999104186850716	0.834860562795696	0	0.894302014180158	0	0	0	0.00732000945038979	0.0203721177395857	0.00601642007148026	0.0016234456996718	0.0328336340739883	0	0.050959717585748	0.319135388522624	0.0112684589606361	0.100361007945248	0.0971549224996128	0.118578437129575	0.101654498458616	0.0230246432684895	0.3997957440823	0	0	0	0	0	0	0	0	0	0	0.599873408212972	0	0.334441105563186	0.376614245765112	0.499890687770091	0.530933567926735	0	0.26134290584703	0	0	0	0	0	0	0	0	0	0	0.175083780157507	0.0268352892181391	0.145341192014376	0.124203048161399	0.124820546259934	0.16362252009983	0	0.134946112129712	3.58300127622079
"35"	"baby_noun"	"buggy_noun"	4.5	1.0432	3.6667	1.3921	3.9444	1.3921	0	0	0	0	0	0	0	0	0	0	0	0	0	0	0	0	0	0.0625	0	0	0	0	0	0	0	0	0	0	0	0	0	0	0	0	0	0.724724396331652	0	0	0	0	0	0	0	0	0	0	0	0	0	0	0	0	0	0.64139077817145	0	0	0	0	0	0	0	0	0	0	0	0	0	0	0	0	0	0.352941176470588	0	0	0	0	0	0	0	0	0	0	0	0	0	0	0	0	0	0.729947819799309	0	0	0	0.00732000945038979	0.0203721177395857	0.00601642007148026	0.0016234456996718	0.0328336340739883	0	0.050959717585748	0.0470782728658315	0.0112684589606361	0.0407045871678142	0.0269203411765101	0.0311086474883268	0.021682939092934	0.0230246432684895	0.0564937241963829	0	0	0	0	0	0	0	0	0	0	0	0	0	0	0	0	0	0.133901964704861	0	0	0	0	0	0	0	0	0	0	0	0.0268352892181391	0	0	0	0	0	0.0638673385450083	3.51339243849136
"36"	"birth_noun"	"rate_noun"	4.7	0.7327	4.65	0.5982	4.6	0.5982	0	0	0	0	0	0	0	0	0	0.428571428571429	0	0.1	0.4	0.545454545454545	0	0	0	0	0	0	0	0	0	0	0	0	0	0.677912716601573	0	0.881279685227699	0.662818316259446	0.583868515435864	0	0	0	0	0	0	0	0	0	0	0	0	0	0.500092393532688	0	0.798756904235898	0.495077471073859	0.417316000836499	0	0	0	0	0	0	0	0	0	0	0	0	0	0.285714285714286	0	0.105263157894737	0.105263157894737	0.153846153846154	0	0	0	0	0	0	0	0	0	0	0	0	0	0.679257609785305	0	0.883026581107599	0.665367973799398	0.588236236405853	0	0	0	0	0	0	0	0.00732000945038979	0.0203721177395857	0.00601642007148026	0.0016234456996718	0.0328336340739883	0	0.0591468211555955	0.0470782728658315	0.0167453892305761	0.0723091963942805	0.0417368725324151	0.0311086474883268	0.021682939092934	0.0230246432684895	0.0174043581794172	0	0	0	0	0	0	0	0	0	0.07947733431749	0	0.265462276675817	0.32175947921814	0.228184014566846	0	0	0	0	0	0	0	0	0	0	0	0	0	0.0295574919153434	0	0.159346166733204	0.0965032500262261	0.0691364245847814	0	0	0	0	3.68875147622875
"37"	"bow_noun"	"tie_noun"	4.25	1.2383	4.6875	1.2383	4.25	1.2383	0	0	0	0	0	0	0	0	0	0	0	0	0	0	0	0	0	0.0625	0	0	0	0	0	0	0	0	0	0	0	0	0	0	0	0	0	0.992322088383729	0	0	0	0	0	0	0	0	0	0	0	0	0	0	0	0	0	0.992146250921311	0	0	0	0	0	0	0	0	0	0	0	0	0	0	0	0	0	0.0588235294117647	0	0	0	0	0	0	0	0	0	0	0	0	0	0	0	0	0	0.998702751165266	0	0	0	0.00732000945038979	0.0203721177395857	0.00601642007148026	0.0016234456996718	0.0328336340739883	0	0.050959717585748	0.0470782728658315	0.0112684589606361	0.0407045871678142	0.0269203411765101	0.0311086474883268	0.021682939092934	0.0230246432684895	0.392683046693423	0	0	0	0	0	0	0	0	0	0	0	0	0	0	0	0	0	0.579718748188674	0	0	0	0	0	0	0	0	0	0	0	0.0268352892181391	0	0	0	0	0	0.703345238790327	3.51339243849136
"38"	"computer_noun"	"program_noun"	4.6667	0.8402	4.5556	0.9852	4.5	0.9852	0	0	0	0	0	0	0	0	0	0	0	0	0	0	0	0.142857142857143	0	0	0	0	0	0	0	0	0	0	0	0	0	0	0	0	0	0.655158561927329	0	0	0	0	0	0	0	0	0	0	0	0	0	0	0	0	0	0.494578831801289	0	0	0	0	0	0	0	0	0	0	0	0	0	0	0	0	0	0.3125	0	0	0	0	0	0	0	0	0	0	0	0	0	0	0	0	0	0.655166902189324	0	0	0	0	0	0.00732000945038979	0.0203721177395857	0.00601642007148026	0.0016234456996718	0.0328336340739883	0	0.050959717585748	0.0470782728658315	0.0112684589606361	0.0407045871678142	0.0269203411765101	0.0311086474883268	0.134977390771399	0.0230246432684895	0.0174043581794172	0	0	0	0	0	0	0	0	0	0	0	0	0	0	0	0.24743832337364	0	0	0	0	0	0	0	0	0	0	0	0	0	0.0268352892181391	0	0	0	0.260676718514079	0	0	3.82588661599053
"39"	"cotton_noun"	"candy_noun"	1.1053	1.1496	4.3158	1.1343	1.7895	1.1343	0	0	0	0	0	0	0	0	0	0	0	0	0	0	0	0	0.0666666666666667	0.0625	0	0	0	0	0	0	0	0	0	0	0	0	0	0	0	0	0.988066740821997	0.997709117013174	0	0	0	0	0	0	0	0	0	0	0	0	0	0	0	0	0.98780321856236	0.997656455386585	0	0	0	0	0	0	0	0	0	0	0	0	0	0	0	0	0.0666666666666667	0.0588235294117647	0	0	0	0	0	0	0	0	0	0	0	0	0	0	0	0	0.999789769569101	0.997747230794207	0	0	0	0.00732000945038979	0.0203721177395857	0.00601642007148026	0.0016234456996718	0.0328336340739883	0	0.050959717585748	0.0470782728658315	0.0112684589606361	0.0407045871678142	0.0269203411765101	0.0311086474883268	0.021682939092934	0.321399193586229	0.298255911768992	0	0	0	0	0	0	0	0	0	0	0	0	0	0	0	0	0.267951300155625	0.513000336006158	0	0	0	0	0	0	0	0	0	0	0	0.0268352892181391	0	0	0	0	0.159519619636513	0.157964692144017	3.51339243849136
"40"	"insurance_noun"	"company_noun"	5	0	4.8889	0	5	0	0	0	0	0	0	0	0	0	0	1	0.4	0.7	0.4	0.363636363636364	0.2	0.5	0.466666666666667	0.3125	0	0	0	0	0	0	0	0	0	0.648982673881795	0.75810561757595	0.666480085310737	0.773477152118202	0.765637094347272	0.882319830507437	0.597294015277148	0.545256371027551	0.75809652506187	0	0	0	0	0	0	0	0	0	0.561724755473892	0.667751992863024	0.581350860029906	0.685014312169959	0.676120473571483	0.800832618829167	0.441026337224374	0.38286771199382	0.673076450600111	0	0	0	0	0	0	0	0	0	0.142857142857143	0.0625	0.0526315789473684	0.0526315789473684	0.0769230769230769	0.0666666666666667	0.125	0.2	0.0588235294117647	0	0	0	0	0	0	0	0	0	0.651432388392704	0.764657025075661	0.673735064610022	0.77573505582729	0.769923550146516	0.885152479007944	0.604733648717114	0.549627114015666	0.756875112382751	0	0	0	0.00732000945038979	0.0203721177395857	0.00601642007148026	0.0016234456996718	0.0328336340739883	0	0.0937694163419415	0.0730535937508418	0.0234146716473161	0.0587210115510553	0.0629209957844318	0.0697881406757783	0.0512251676139149	0.0877807611070163	0.0393503869910442	0	0	0	0	0	0	0	0	0	0.201116640089695	0.121849584824154	0.140229292948621	0.132746224132582	0.161765699910639	0.138182064842671	0.147138197368335	0.0853439754674245	0.222571811535541	0	0	0	0	0	0	0	0	0	0.0628667678510919	0.119163554437875	0.0762451701535225	0.504646355949598	0.10092016444637	0.0917459619252597	0.113019017637323	0.0869707247179878	0.075122036336875	3.81240431860935
"41"	"loan_noun"	"shark_noun"	4.5789	0.9612	0.5789	1.2472	1	1.2472	0	0	0	0	0	0	0	0	0	0	0	0	0	0	0.1	0	0	0	0	0	0	0	0	0	0	0	0	0	0	0	0	0	0.884494146048573	0	0	0	0	0	0	0	0	0	0	0	0	0	0	0	0	0	0.802876764205999	0	0	0	0	0	0	0	0	0	0	0	0	0	0	0	0	0	0.133333333333333	0	0	0	0	0	0	0	0	0	0	0	0	0	0	0	0	0	0.884867535214235	0	0	0	0	0	0	0.00732000945038979	0.0203721177395857	0.00601642007148026	0.0016234456996718	0.0328336340739883	0	0.050959717585748	0.0470782728658315	0.0112684589606361	0.0407045871678142	0.0269203411765101	0.300276259755916	0.021682939092934	0.0230246432684895	0.0174043581794172	0	0	0	0	0	0	0	0	0	0	0	0	0	0	0.630417249224863	0	0	0	0	0	0	0	0	0	0	0	0	0	0	0.0268352892181391	0	0	0.330068927239071	0	0	0	3.51339243849136
"42"	"news_noun"	"agency_noun"	4.9444	0.2357	3.9444	1.2433	4.3889	1.2433	0	0	0	0	0	0	0	0	0	0	0.1	0.1	0.1	0.454545454545455	0.3	0.428571428571429	0	0	0	0	0	0	0	0	0	0	0	0	0.992695620963373	0.875778276341862	0.815540832839558	0.612772430305797	0.632266732320377	0.5188127595861	0	0	0	0	0	0	0	0	0	0	0	0	0.992482642075212	0.793391088625319	0.728173966287787	0.444380354708743	0.456886019449613	0.353809891057807	0	0	0	0	0	0	0	0	0	0	0	0	0.0625	0.105263157894737	0.157894736842105	0.153846153846154	0.2	0.25	0	0	0	0	0	0	0	0	0	0	0	0	0.999006584143954	0.882851327442584	0.822004005152875	0.61786743508973	0.637205100254203	0.523744443720851	0	0	0	0	0	0.00732000945038979	0.0203721177395857	0.00601642007148026	0.0016234456996718	0.0328336340739883	0	0.050959717585748	0.0701888987263409	0.0382008885019775	0.0586163406895577	0.0388538010447389	0.0438181151557452	0.0367914520080671	0.0230246432684895	0.0174043581794172	0	0	0	0	0	0	0	0	0	0	0.138866549382402	0.078499196746659	0.122053145984829	0.209676975316244	0.106800844797593	0.105427403598809	0	0	0	0	0	0	0	0	0	0	0	0	0.117994798819384	0.153094170862806	0.133432150509081	0.0595667118050979	0.06136972692621	0.068958665262341	0	0	3.79893779163868
"43"	"phone_noun"	"book_noun"	4.3	0.8645	4.4	0.7864	4.25	0.7864	0	0	0	0	0	0	0	0	0	0	0	0	0	0	0	0	0.0666666666666667	0	0	0	0	0	0	0	0	0	0	0	0	0	0	0	0	0	0.755784408638127	0	0	0	0	0	0	0	0	0	0	0	0	0	0	0	0	0	0.672074906288597	0	0	0	0	0	0	0	0	0	0	0	0	0	0	0	0	0	0.333333333333333	0	0	0	0	0	0	0	0	0	0	0	0	0	0	0	0	0	0.761540844906481	0	0	0	0	0.00732000945038979	0.0203721177395857	0.00601642007148026	0.0016234456996718	0.0328336340739883	0	0.050959717585748	0.0470782728658315	0.0112684589606361	0.0407045871678142	0.0269203411765101	0.0311086474883268	0.021682939092934	0.0437231998098154	0.0174043581794172	0	0	0	0	0	0	0	0	0	0	0	0	0	0	0	0	0.158701767083084	0	0	0	0	0	0	0	0	0	0	0	0	0.0268352892181391	0	0	0	0	0.0586521121438288	0	3.51339243849136
